Products,ProductName,CompanyName,Price
10000,Ingersoll Rand 80 Gallon Type-30 Reciprocating Air Compressor,Covanta Holding Corporation,953.64
10001,"Great Neck Saw Ra38 3/8"" Drive Forward And Reverse Ratchet",Wesco Distribution,661.87
10002,12-volt Lith-ion Drill W/ Bonus Case & 150-piece Socket Set,Advance Auto Parts,455.88
10003,Eclipse 900-206 Helping Hands With Solder Iron Holder - 2.5x,Nustar Energy,447.56
10004,"Rockwell Shopseries 7 Amp 1/2"" Hammer Drill",W. R. Berkley Corporation,99.3
10005,Vim Products 12mm Triple Square Bit,Martin Marietta Materials,319.65
10006,Surebonder Ultra-mini Dual Temperature Glue Gun,General Electric Capital Corporation,168.24
10007,Makita Mklxt311fh 18 Volt Drill And Impact Kit,Cummins,976.95
10008,Retractable Screw-holder With Magnetic Tip,Cablevision Systems Corp,552.09
10009,"Dremel Mm501 1/16"" Grout Removal Blade",The Cheesecake Factoryorporated,103.36
10010,Powerbuilt Soldering Gun Kit,Dr Pepper Snapple Group,718.72
10011,Ingersoll Rand Impact 1/2,Land O'lakes,668.53
10012,Dewalt Power Tools 18 Volt Compact Lithium Ion Drill Driver & Impact Driver Comb,Henry Schein,221.31
10013,Ad Tech Hi-temp Project Pro Mini Size Glue Gun,Corningorporated,620.46
10014,Powryte Dual Action Air Sander,,
10015,Bostitch 18v Lithium Drill/impact Combo Kit,,
10016,Dremel 7700-1/15 7.2-volt Multipro Cordless Rotary Kit With 15 Accessories,Nustar Energy,491.71
10017,Surebonder Wide Crown Pneumatic Stapler,Bnsf Railway Company,18.18
10018,Buffalo Tools 19 Piece Hole Saw Set,Ross Stores,992.27
10019,Primefit 1-gallon,,
10020,Lumberjack Tools Hsbk1 Home Series Beginners Kit,Lennar Corporation,468.74
10021,"Bosch 6335-01 7 Amp 1/2"" Corded Drill",Comcast Corporation,58.5
10022,Dremel Multi-max Mm40 Tool Kit,,
10023,"Bostitch .5"" Vsr 2-speed Hammerdrill/drill And Bonus 5-piece Masonry Set Bundle",Mgm Resorts International,945.28
10024,Campbell Hausfeld Brad Nailer And Stapler,Con-way,514.6
10025,Ingersoll Rand 705-93 Trigger,Hawaiian Electric Industries,152.86
10026,Crawford Storehorse Folding Sawhorse,Pinnacle West Capital Corporation,801.23
10027,Bostitch Gravity Feed Spray Air Gun,,
10028,Black & Decker 1/4 Sheet Finisher Sander,,
10029,Skil 360 Quick-select 4v Max 1.5ah Lithium-ion Screwdriver,,
10030,Dremel Universal Carbide Flush Cut Blade,,
10031,Black & Decker 20-volt Matrix Drill,,
10032,Stack-on Steel Diy Workbench So-382b,Bio-rad Laboratories,285.51
10033,Got Air Heavy Duty Portable Air Compressor,,
10034,Wagner Ht3500 Heat Gun,The Bank Of New York Mellon Corporation,767.13
10035,Stanley Fatmax 7a Hammer Drill,,
10036,Surebonder Mini Dual Temperature Glue Gun,Sealed Air Corporation,514.07
10037,Gmc Power Equipment 1.6 Gallon Gmc Syclone 1610a Ultra Quiet And Oil-free Air Compressor,Kelly Services,904.37
10038,"Hitachi 8 1/2"" Sliding Compound Miter Saw With Laser Marker & Led Light",Benchmark Electronics,928.05
10039,Pro-lift I-4506 6in Buffer / Polisher,Lpl Financial,453.94
10040,Hitachi 18-volt Lithium-ion Cordless Impact Driver,,
10041,Numax 18 Gauge 2 In 1 Brad Nailer & Stapler,At&t,352.89
10042,Ingersoll Rand 0.5 Port Ptfe Diaphragm Pump With Polypropylene Seat,Group,304.27
10043,Stanley Black & Decker Dw304pk Dw 10 Amp Reciprocating Saw Kit,Schnitzer Steel Industries,595.26
10044,California Air Tools 1.6 Gallon Ultra Quiet And Oil-free 1.0 Hp Aluminum Tank Air Compressor,American Tower Corporation,371.24
10045,Masterflow 12v 3-in-1 Turbo-boost Air Compressor / Inflator / Deflator,Office Depot,165.32
10046,Bosch Power Tools 29 Piece High Speed Steel Drill Set With Metal Case 96029,Hospira,705.32
10047,Atd Tools Atd-10836 3. 6-volt Cordless Rechargeable Screwdriver Kit,Yum! Brands,876.15
10048,Black And Decker Dwdcd780c2 20v Max Lithium Ion Compact Drill Driver Kit,Amerisourcebergen,631.07
10049,Buffalo Tools 4.8v Cordless Screwdriver,Emerson Electric Company,685.08
10050,California Air Tools 5 Gallon Pressure Pot With Hvlp Spray Gun And Hose,Rescare,79.18
10051,Hopkins-f3 Brands 90158 Workbench Kit,Jack In The Box,915.12
10052,Black And Decker Pivot Screwdriver,,
10053,Rotozip Ss355-10 Rotosaw,The Scotts Company,
10054,Hitachi Power Tools Db3dl2 3.6-volt Lithium Ion Dual Position Handle Screwdriver,Mckesson Corporation,810.48
10055,Dewalt Power Tools . 38inch Heavy-duty Vsr Pistol Grip Drill With Keyless Chuck Dwd,Avon Products,99.52
10056,Ingersoll Rand Start Up Kit # 32305880,Amphenol Corporation,561.15
10057,Durofix-ac Delco Power Tools Dearm602-4 . 5 Inch Digital Torque Measuring Adaptor,Graham Packaging Company,820.63
10058,Western Enterprises 1/4 Npt X 3 Long Male Brass Regulator Nipple Cga 540,Cigna Corporation,824.26
10059,Great Neck 4.8v Cordless Screwdriver,,
10060,Pentagon Professional Aluminum Drywall Bench,Thrivent Financial For Lutherans,224.61
10061,Lumberjack Tools Tta2000 2in Industrail Series Tenon Cutter,Interpublic Group Of Companies,800.34
10062,Hanson #8 Torx Bit,Mckesson Specialty Health,929.89
10063,Dremel Multi-vise,,
10064,Weller Bp645mp Battery Powered Soldering Iron Kit,Carmax,649.99
10065,"Dremel Sm520 3"" Masonry Cut-off Wheel",Moog,279.05
10066,Black & Decker 2.4v Direct Plug Screwdriver,,
10067,Freud 12 44t Diablo General Purpose Chop/slide Miter Saw Blade D1244x,Bristol Myers Squibb Company,168.88
10068,Bosch 94500 Rip Fence Jigsaw,Staples Financial,993.33
10069,"Black & Decker 7-1/4"" 15-amp Circular Saw",,
10070,Rockwell Shopseries 12-volt Cordless Drill/driver Kit,Northern Trust Corporation,981.67
10071,"Bostitch 6.5 Amp 3/8"" Drill",,
10072,Campbell Hausfeld Gravity-feed Spray Gun With Grab N Go Case,Visa,724.75
10073,Hot Glue Gun Helpers Kit-7 Pieces,Corrections Corporation Of America,830.94
10074,"Black & Decker 5.2 Amp 3/8"" Drill And Driver With Storage Bag",,
10075,Edsal Heavy-duty Steel Workbench,,
10076,Jgb Enterprises 001-0121-050i Eagle Air 300 No. Red Jackhammer Hose Cpld Chicago Fittings Crimped,Firstenergy Corp,874.99
10077,"Skil 7-1/4"" 150-tooth Steel Circular Saw Blade",,
10078,Lincoln Industrial Grease Gun Pistol 16 0z W/18whip Hose &rigid Pipe,Nstar Gas & Electric Company,834.99
10079,Bostitch Prozhoze,,
10080,Titan 16048 48 Piece Quick-disconnect Drill And Power Bit Set With Portable Bit Cases,Ugi Corporation,191.29
10081,Kd Tools Engraver Electric Vibro,Global Payments,289.8
10082,Skil Fixed Base Routers - 1 3/4 Hp Fixed Base Router 9 Amp Motor,Cliffs Natural Resources,668.42
10083,Paasche Air Brush Dual Action Airbrush Set,Nv Energy,780.13
10084,Microflex Mxbd-1000-pf Black Dragon X-small Latex Fully Textured Gloves,Sunrise Senior Living,566.78
10085,Hitachi 18v Lithium-ion Cordless Impact Driver W/120-pc Drill/drive Set,Mortgage Guaranty Insurance Corporation,870.1
10086,Hyundai Hpc3010 Air Compressor Kit,Exterran Holdings,509.13
10087,Dremel Ez Lock Starter Kit,Rite Aid Corporation,643.9
10088,Legacy Manufacturing Leghfz3850yw2 Flexzilla 3/8in X 50yd Yellow Air Hose With 1/4 Inch Mnpt Ends,Zimmer Holdings,80.58
10089,Bostitch 100 Ft Air Compressor Hose Prozhoze,,
10090,"Powryte 3/8"" Air Impact Wrench",,
10091,Ad Tech 2-temp Full Size Cordless Glue Gun,Microsoft Corporation,388.49
10092,Chicago Power Tools Power Drill Accessory Set,,
10093,Rubbermaid Wall Washer Replacement Pads,,
10094,Dewalt Dcf610s2r Drills / Drivers ,,
10095,Vermont American 5 15 Tpi Multi Purpose Pinned End Scroll Jig Saw Blade 30408,Precision Castparts Corp,82.04
10096,"Hitachi 18v 1/2"" Cordless Drill/driver Kit W/35-pc Hi-torq Impact Rated Torsion Bit Set",American Family Insurance,610.22
10097,Black & Decker 3-speed Rtx Rotary Tool With Bonus Spring Clamps,,
10098,Weller Sp23lk General Duty Soldering Iron Kit,Lithia Motors,388.52
10099,Skil Sb18c Sb18a 18v Ni-cd Battery,Lincoln Electric Company,376.96
10100,Hitachi 18v Lithium-ion Combo Kit With 2 Canvas Bags,Catalent Pharma Solutions,563.54
10101,Blair 11108-3 11000 Series Rotobroach Cutters - 3/8-inch - 3-pack,The Blackstone Group,981.25
10102,Irwin 5-3/8 24t Marathon Cordless Circular Saw Blade,Zimmer Holdings,871.69
10103,"Bostitch 18v Lithium 1/2"" Drill/driver Kit",,
10104,Powryte Air Reciprocating Saw,,
10105,"Great Neck Saw Ra14 1/4"" Drive Forward And Reverse Ratchet",Aleris International,267.23
10106,Proxxon Engraving Tool,Cooper Standard,275.01
10107,"Campbell Hausfeld 1-1/4"" Brad Nails",Fossil,857.22
10108,Blazer Products 189-2072 Clear Pocket Torch Pb207 Black,Quiksilver,163.05
10109,Titan Professional Workbench,Spartan Stores,823.57
10110,Bostitch Air Tool Inline Lubricator,,
10111,Worx Semi Automatic Sd Driver,,
10112,Hitachi 35 Piece Hi-torq Impact Rated Torsion Bit Set,Graham Packaging Company,453.37
10113,"Bostitch 3/8"" Air Ratchet",,
10114,"Black & Decker 16"" 3.4 Amp Powered Handsaw With Storage Bag",,
10115,Lincoln Industrial Grease Gun Cordless With Case,,
10116,Bostitch Air Compressor Blowgun,,
10117,Speare Tools Adjustable Quick-cutter Hole Saw,,
10118,"Hitachi 3 1/2"" Full-head Plastic Collated Framing Strip Nailer",Werner Enterprises,10.44
10119,Mayhew Tools Mayhew Tools - Catspaw Deck Wrecker Cats Paw Deck Wrecker: 479-41104 - Cats Paw Deck Wr,Henry Schein,491.2
10120,"Porter Cable-piece15cslk 7-1/4"" 15-amp Circular Saw",Avery Dennison Corporation,116.4
10121,"Campbell Hausfeld 1/2"" Pneumatic Socket Set",Omnicom Group,748.05
10122,Weller Analog Soldering Station,,
10123,Hitachi 4 Gallon Twin Stack Air Compressor,The Scotts Miracle-gro Company,520.95
10124,"Bosch 5580-01 7-1/4"" 13 Amp Skilsaw Circular Saw",Country Financial,187.44
10125,Astro Pneumatic 9707 1/4-inch Drive Mini Gearless Ratchet,Consolidated Edison Company Of New York,195.08
10126,All Purpose Stik Glue Sticks,,
10127,Skil 2860-10 18-volt Drill And Circular Saw Combo Kit,Huntington National Bank,83.48
10128,North American Tool 51872 80-piece Mini Rotary Tool Kit,Entergy Corporation,708.22
10129,Primefit Industrial-grade Retractable Air Hose Reel With 50 Rubber Air Hose,Bmc Software,656.77
10130,Eclipse 900-230 Flux Bottle Pack - 2-pack,The Blackstone Group,63.42
10131,Dremel 8300-01 12v Cordless Multi-max Oscillating Kit,,
10132,Skil 74102 10in 200 Tooth Steel Circular Saw Blade,First Horizon National Corporation,218.13
10133,Stalwart 41-piece Professional Screwdriver Bit And Socket Set,Molina Healthcare,101.74
10134,Wilmar Electric Impact Gun Set 1/2 Dr,Teleflexorporated,28.95
10135,Lincoln Industrial 18 Volt Cordless Grease Gun W/ 2 Batteries,Burlington Coat Factory Corporation,612.49
10136,Warp Brothers Fcp-12 Flex-o-glaze Cleaner And Polisher - 12 Oz.,Michaels Stores,329.25
10137,"Qep Tile Tools 60089 7"" Portable Tile Saw",Dish Network Corporation,15.51
10138,Ridgid Tube Cutter Wheels - F158 10-15-20 Thin Whl (set Of 12),Supermedia,842.87
10139,Irwin 30-piece Drive Set,,
10140,Wagan Quick Flow Compact Air Compressor,Levi Strauss And Co,175.44
10141,"Bosch Ros10 5"" Palm-grip Random Orbit Sander",The Bank Of New York Mellon Corporation,36.43
10142,Lumberjack Tools Tac1500 1-1/2-inch Commercial Series Tenon Cutter,Burlington Coat Factory Corporation,11.84
10143,"Bosch Cs5 7-1/4"" 15-amp Circular Saw",Charles Schwab Corporation,547.47
10144,Weller Sp40l Lightweight Soldering Iron,Agilent Technologies,832.22
10145,Masterflow 12v High Volume Air Compressor / Inflator,Wesco Distribution,196.87
10146,Irwin 7-piece Drive Set,,
10147,Black & Decker 7.5-amp Reciprocating Saw,Seaboard Foods,676.05
10148,Dewalt Power Tools 7-. 25inch Worm Drive Circular Saw Dws535,Regis Corporation,736.87
10149,Dewalt Tools Dwtdc385k Hd Srp 18v Cordless Reciprocating Saw Kit,Wellpoint,348.17
10150,Gmc Power Equipment 1.6 Gallon Gmc Syclone 1650a Ultra Quiet And Oil-free Air Compressor,Group,311.97
10151,Ultra Steel 1.5 Amp Palm Sander,Kimberly-clark Corporation,814.62
10152,Rockwell Shopseries 18-volt Cordless Drill/driver Kit,Tupperware Corporation,926.06
10153,Stalwart Grease Gun With Accessories,Analog Devices,433.82
10154,Legacy Mfg 3/8 X 100 Flex Air Hose Yellow,Kellogg Company,402.12
10155,Lumberjack Tools Ttr0500 1/2in Pro Series Tenon Cutter,Plexus Corp,366.12
10156,Titan 22958 Mini Air Compressor,National Fuel Gas Distribution Corporation,937.7
10157,Bostitch 29-piece Screwdriving Set,,
10158,Black & Decker 20v Smart Select Cordless Drill,Cytec Industries,559.37
10159,Century Drill And Tool Phillips Power Screwdriving Bit Set,United Technologies Corporation,627.86
10160,Black And Decker Power Tools Gco.12sfb 12-volt Cordless Drill With Stud Sensor And St,Kb Home,819.31
10161,Skil 4-position Orbital Jigsaw With Laser Guide,,
10162,Stalwart Flexible Drive Shaft,Centerpoint Energy,899.62
10163,Black & Decker Matrix Trim Saw Head Attachment,,
10164,Wagner Ht1000 Heat Tool,Vwr International,545.9
10165,"Hitachi 18v 1/2"" Cordless Drill/driver Kit",Piedmont Natural Gas Company,214.08
10166,Rockwell Rk3440k Versacut Circular Saw Kit,Zale Corporation,370.52
10167,Black & Decker 20v Max Lithium Drill/driver,,
10168,Fry Technologies Cookson Elect Am32406 General Purpose Acid Core Solder,Constellation Brands,52.34
10169,Makita Btl061 Lxt 18 Volt Angle Drill Kit,Morgan Stanley,493.48
10170,"Numax 23-gauge 1"" Micro Pinner",Affinia Group,135.39
10171,Lincoln Lubrication Ac2440 120-volt Corded Grease Gun,Becton,
10172,12-volt Lith-ion Max Drill W/bonus Tools Set & Bag,Rowan Companies,340.83
10173,Hitachi 83-piece Drill And Driver Bit Set,Michaels Stores,882.02
10174,Black & Decker Smart Select Linefinder Orbital Jigsaw,,
10175,Bosch 7292-02 2 Amp 1/4 Sheet Palm Sander,Fluor Corporation,533.95
10176,Multi-temp Hybrid Cordless Glue Gun,Cabot Corporation,667.74
10177,Skil 120v 1-3/4 Hp Fixed Base Router,,
10178,Bostitch 6 Gallon,,
10179,Jewelers Chasing Hammer - 1 Inch Head - Metal Smithing,Yum! Brands,275.5
10180,Eclipse 900-066n 50w Soldering Station,Usg Corporation,976.6
10181,"Bostitch 7 Amp 4.5"" Angle Grinder",,
10182,Imaginisce I-bond Mini Glue Sticks,,
10183,Radnor #7326 1/4 Id Brass Hose Ferrule,Mdu Resources Group,487.61
10184,Homak 2 Door Mobile Cabinet With Shelves,Agilent Technologies,875.52
10185,Ingersoll Rand 1/2 Titanium Imp Wr W/2 Ext,Automatic Data Processingorporated,457.48
10186,Swisher 28 Ton 8.75 Gross Torque Log Splitter,,
10187,Bostitch 37-piece Quick Load Screwdriving Set,,
10188,Black & Decker 12-volt Cordless Air Station Inflator,Pc Connection,24.98
10189,Black & Decker 18v Cordless Drill,Discovery Communications,878.29
10190,Ingersoll Rand Avc10-183a Rivet Set Retainer Q-c,Expedia,272
10191,Skil 4v Max Lithium-ion Screwdriver,,
10192,Vermont American 7 To 7-1/4 Masonry Circular Saw Blades 28052,Casey's General Stores,346.79
10193,Fry Technologies Cookson Elect Am33505 50/50 Solder Solid Wire,Usg Corporation,611.36
10194,Audiopipe Thsy3075c Pipeman Train Horn Air Compressor,T. Rowe Price,125.46
10195,Hitachi 17 Piece Split Point Black Oxide Shield Drill Bit Set,Priceline.com,43.8
10196,Hitachi 18 V Ni-cad Cordless Driver Drill,Dell,720.51
10197,Campbell Hausfeld Exteme Duty 3/8 Air Ratchet,Abercrombie & Fitch Co,356.06
10198,Master Magnetics 7269 36-inch Retrieval Magnet,Mckesson Specialty Health,226.78
10199,Buffalo Tools Sportsman Work Table,Supermedia,409.42
10200,California Air Tools 6.3 Gallon Ultra Quiet And Oil-free 1.0 Hp Steel Tank Air Compressor,National Oilwell Varco,505.95
10201,Sharpe Manufacturing 6765-1 Replacement Dessicant Beads - 5 Lb.,Sonic Automotive,228.76
10202,Lincoln Industrial 14.4 Volt Powerlube Kit - 2 Battery,Fred's,438.01
10203,Dremel 7-piece Saw-max Cutting Kit,,
10204,Powermate 30 Gallon Cast Iron Oil Lubricated Belt Drive Industrial Air Compressor,Mutual Of America Life Insurance Company,552.48
10205,Wagan 3-in-1 275 Psi Air Compressor,Charming Shoppes,997.68
10206,Dremel 7300-n/5 4.8v Minimite Cordless Rotary Tool,Cytec Industries,958.28
10207,I-bond Cordless Hot Glue Gun,,
10208,Edsal Heavy-duty Workbench,,
10209,Black & Decker Matrix Sanding Head Attachment,,
10210,"Hitachi 1 1/2"" 18-gauge Narrow Crown Finish Stapler",Flowserve Corporation,821.49
10211,Primefit 30-piece Air Compressor Accessory Kit,Securian Financial,267.36
10212,Great Neck Saw 17612 Soldering Iron,Bucyrus International,827.21
10213,Dremel 200-n/15 120v 2-speed Rotary Tool,The Clorox Company,978.29
10214,Morris Products 2 Carbide Tipped High Speed Steel Hole Saw Cutters,Citigrouporporated,52.32
10215,Bostitch 1-1/2 Air Pressure Gauge,,
10216,Ad-tech: High-temp Glue Sticks,,
10217,Numax 16-gauge Straight Finish Nailer,Perrigo Company,986.24
10218,"Skil 6277-02 3/8"" Corded Drill",Cinemark Usa,576.31
10219,Dremel 7300-n/8 4.8-volt Cordless Dremel Minimite Two Speed Rotary Tool,Lpl Financial,348.25
10220,Bostitch 26 Gallon,,
10221,Powermate 6 Gallon Proforce Pancake Air Compressor With Extra Value Kit,Nacco Industries,197.62
10222,Drill America Flame Carbide Burr 1/4 Shank,Colgate-palmolive Company,181.5
10223,"Stalwart 0.5"" Chuck Hammer Drill",Amerisourcebergen,995.68
10224,Wen 6 Waxer/polisher,Protective Life Corporation,460.24
10225,"Porter Cable 352vs 3"" X 21"" Variable Speed Belt Sander",Duane Reade,749.33
10226,Eclipse Dp-366d Desoldering Pump,Stryker Corporation,63.14
10227,"Bostitch 18v Lithium .25"" Hex Chuck Impact Driver Kit",,
10228,Atd Tools 8294 Arbor For Cutoff Discs Mandrel,Thermo Fisher Scientific,963.63
10229,Campbell Hausfeld 3.5 Round-head Framing Nailer Kit (21 Degree),The Timken Company,24.07
10230,Fry Technologies Cookson Elect Am53945 Flo-temp Lead-free Solid Wire Solder,The Aes Corporation,550.72
10231,Black & Decker 6.0 Amp Accu-trak Saw With Smartselect,,
10232,"Black And Decker 3/8"" 6-amp Variable Speed Drill With Keyless Chuck",Knights Of Columbus,977.44
10233,Dremel 225-01 Flex Shaft,Urs Corporation,887.39
10234,"Bosch/rotozip/skil 2354-02 4-volt I "" X 03 Cordless Screwdriver",Crane Co,23.07
10235,Homeright Heat Pro Plus Heat Tool,Leggett & Plattorporated,44.89
10236,"Hitachi 1 3/8"" 23 Gauge Pin Nailer",W. R. Berkley Corporation,399.15
10237,Comstar 10-100 Copper Lock No-heat Solder - 2 Oz.,Covanta Holding Corporation,228.25
10238,Black & Decker 58-piece Project Kit With 12v Lithium Drill/driver,,
10239,Stalwart 74-piece Combo 12-volt Cordless Drill And 3.6-volt Drivers Set,Lorillard,628.07
10240,Dremel 709-01 110 Pc Super Accessory Kit,Gm Financial,993.81
10241,Masterflow 12v Portable Air Compressor / Inflator,Regions Financial Corporation,732.04
10242,Dremel Universal Drywall Jab Saw Blade,,
10243,Bostitch Industrial Air Tool Swivel Plug,,
10244,"Black & Decker 5.2a 3.25"" Planer Kit",,
10245,"Rockwell Shopseries 13 Amp 7 1/4"" Circular Saw",Univision Communications,265.61
10246,Dremel Mm610 Flexible Scraper Blade,General Mills,743.26
10247,Labor Saving Devices 60/40 Solder Roll,Resolute Forest Products,600.41
10248,Campbell Hausfeld 8gal Oil Free Air Compressor,The Impac Companies,583.94
10249,Eclipse Pz2x1-15/16 Bit Pozidrive Size 2 1-15/16in Long 1/4in Hex,Colgate-palmolive Company,922.43
10250,Black And Decker 3.6 Volt Lithium Ion Screwdriver,,
10251,Great Neck Saw 80134 36-piece Rotary Tool Set,Best Buy Co.,360.17
10252,Shark Sr062-10 Ammco Style 10 Pack Negative Rake Bits,Citrix Systems,305.09
10253,Black & Decker 16v Max Lithium Cordless Driver/drill With Exposed Gear Box,,
10254,Bosch Pr20evsk Colt Variable Speed Palm Router Kit,Goldman Sachs,300.73
10255,Ingersoll Rand Ring / Gasket Kit For Ss5 Electric Units,Southwest Gas Corporation,5.33
10256,Bosch 2250-01 14.4 Volt Single Speed Cordless Drill And Driver,Boston Scientific Corporation,601.53
10257,Bostitch Low-profile Paper Tape Framing Nailer,,
10258,Dual-temp Ultra Glue Gun,,
10259,Skil 1400-02 Multi-tasker 2.0a Oscillating Tool Kit,Henry Schein,946.75
10260,Weller Battery Powered Soldering Iron Kit,Cvr Energy,458.67
10261,Alton 2 Gallon Pancake Air Compressor,General Growth Properties,739.85
10262,"Superior Tool 2"" Pvc Pipe Cutter",Expedia,90.04
10263,Hitachi 12v Peak Li-ion 2 Speed Drill/driver,Enersys,622.13
10264,Metabo W8-115qwc Compact Class Professional Series Angle Grinder,,
10265,Professional Woodworker Pneumatic Brad Nailer And Air Stapler Combo Tool Kit,John Deere Company,315.88
10266,"Electric Glue Skillet 7""",National Life Group,859.31
10267,Ad Tech Designer Series Lo Temp Mini Glue Gun,,
10268,Rsr Electronics Zd98 Soldering Station,Benchmark Electronics,770.25
10269,Lumberjack Tools Hsk3 Home Series 3-piece Master Kit,Rockwell Collins,767.4
10270,Campbell-hausfeld Mp5142 Air Chuck With Gauge,Merck & Co,284.23
10271,Prevost Isc 061201 Safety Coupler 1/4 In M Style,Nationwide Insurance Company,236.8
10272,Boa Grabit Screw Extractor,Tutor Perini Corporation,83.12
10273,Homeright Heat Pro Deluxe Ii Heat Tool,Leggett & Plattorporated,659.26
10274,Black & Decker Heat Gun,Plexus,168.47
10275,Bostitch 18v Lithium Drill/impact Combo Kit And Bonus 25-piece Impact Set Bundle,Pvh Corporation,136.82
10276,"Black And Decker 3/8"" 5-amp Variable Speed Drill With Keyless Chuck",,
10277,"Cadet 66"" Work Surface",,
10278,Hitachi 3.25 Framing Nailers Nr83a2,Core-mark International,226.73
10279,Lumberjack Tools Trh2000 2in Home Series Tenon Cutter,Omnicom Group,674.76
10280,Black & Decker Random Orbit Sander,,
10281,Campbell Hausfeld General Purpose Spray Gun,Cabot Corporation,165.91
10282,Ultra Steel 6v Cordless Drill,Curtiss-wright Corporation,322
10283,Ultra Steel 4-piece 18v Cordless Power Tool Kit,Cerner Corporation,742.51
10284,Drill America Cone Carbide Burr 1/4 Shank,American Tire Distributors,811.38
10285,"Bostitch .5"" Vsr 2-speed Hammerdrill/drill",,
10286,Dremel 160-piece Accessory Kit,,
10287,Wen 7 Sander And Polisher,Avis Budget Group,533.25
10288,"Skil 9295-01 4-1/2"" Angle Grinder",Pvh Corporation,798.61
10289,Weller Welwes51 Analog Soldering Station With Power Unit,,
10290,Wagner 0283022c Ht775 Heat Gun,Southern Company,471.05
10291,Primefit 17-piece Air Compressor Accessory Kit,Abbott Laboratories,856.62
10292,Century Drill And Tool Jig Saw Blade (set Of 5) (set Of 5),Acuity Brands,358.68
10293,Dewalt Dwt-dck212s2 12v Max Drill,,
10294,50 Air Hose Reel,Zale Corporation,424.98
10295,Ingersoll Rand 107xpa 3/8-inch Drive Air Ratchet,The Affluent Traveler,638.16
10296,Campbell Hausfeld Air Compressor Oil - 16 Ounce,Markel Corporation,975.67
10297,Black And Decker Platinum 20v Drill/driver With 2 Batteries,,
10298,"Hitachi 4"" 5 Amp Angle Grinder",Sally Beauty,660.82
10299,Bostitch 6 Amp Orbital Jig Saw And Bonus Jig Saw Blade Bundle,Medical Mutual Of Ohio,319.74
10300,"Black & Decker 6.5a .5"" Vsr 2-speed Hammer Drill",,
10301,California Air Tools 10 Gallon Ultra Quiet And Oil-free 2.0 Hp Steel Tank Air Compressor,Markel Corporation,715.85
10302,Eclipse Ss-206e Temperature Controlled Soldering Station With Analog Display,Martin Marietta Materials,79.8
10303,Bosch 2240-01 12 Volt Cordless Drill And Driver,Pharmerica Corporation,587.78
10304,Dual-temp Mini Glue Gun Kit,,
10305,Fpc Dual-temp Glue Gun Kit,State Street Corporation,48.81
10306,Fpc Glue Sticks,,
10307,Black & Decker 56-piece Project Kit With 7.2v Lithium Drill/driver,,
10308,Eclipse 900-015 Helping Hands Soldering Aid,Casey's General Stores,855.27
10309,Fpc Corporation Hot Melt Glue Sticks Fprdt20,Paccar,703.04
10310,Pro-lift W-1010a 10-gallon Air Tank,Baker Hughesorporated,583.19
10311,Hitachi 18v Cordless Compact Pro Driver Drill With Flashlight,O'reilly Automotive,897.63
10312,Motor Trend Cpm-0610 110-volt Ac Home Air Compressor,Crane Co,984.09
10313,Campbell Hausfeld 2-1/2 Finish Nailer (16 Gauge),Tenet Healthcare Corporation,649.03
10314,"Hitachi Power Tools Fdv16vb2 5/8"" Hammer Drill Vsr",Buckeye Partners,775.07
10315,Gmc Power Equipment 1.6 Gallon Gmc Syclone 1675a Ultra Quiet And Oil-free Air Compressor,Sonic Automotive,253.49
10316,Buffalo Tools Ps07499 24-piece Router Bit Set,Netapp,68.16
10317,Black & Decker Matrix Jig Saw Head Attachment,,
10318,Arrow Fastener Dual Purpose Stapler,Sherwin-williams,699.58
10319,Skil 4570-01 18-volt Jigsaw,Magellan Health Services,70.42
10320,Dremel 8v Max Cordless Rotary Tool,,
10321,"Rockwell Shopseries 4-1/2"" Angle Grinder",Sra International,919.14
10322,"Bostitch 18v Lithium 1/2"" Drill/driver Kit And Bonus Drill Bit Set Bundle",West Corporation,287.22
10323,Black & Decker 18v Cordless Drill Set,,
10324,Ingersoll Rand 285b-6 Heavy-duty 1-inch Impact Wrench With 6-inch Anvil,Avnet,336.79
10325,Skil Mag77lt 7-1/4in 15 Amp Circular Saw,Exterran Holdings,295.3
10326,Skil 4-1/2 Angle Grinders - 4 1/2 Angle Grinder With Metal Front 6 Amp,Foot Locker,185.52
10327,Wolo Manufacturing 800compressor Model 800 Tiger 2. 5 Liter Tank And Air Compressor,Cno Financial Group,237.45
10328,Kawasaki Composite Air Hammer Kit,Freeport-mcmoran Copper & Gold,784.71
10329,Bostitch 2.5 Gallon,,
10330,Ingersoll Rand Hammer Pin,Applied Industrial Technologies,476.78
10331,Ingersoll Rand 1/2 Air Impact Wrench 231ha,Southwest Airlines Corporation,342.39
10332,Eclipse 900-250 Solder Aid Tool Set W/reverse Tweezers And Heat Sink,Republic Services,935.73
10333,"Black & Decker 15a 7.25"" Fatmax Circular Saw",Rockwell Collins,41.07
10334,"Ad Tech Multi-temp Standard 10"" Glue Sticks",,
10335,"Hitachi 3/8"" 6 Amp Drill With Keyless Chuck",Kbr,395.05
10336,"Ad Tech Multi-temp Full Size 4"" Glue Sticks",,
10337,Black & Decker 1375w Heat Gun,National Fuel Gas Distribution Corporation,531.95
10338,Campbell Hausfeld 3-gallon Compressor,Union Pacific Corporation,370.99
10339,California Air Tools 1.6 Gallon Ultra Quiet And Oil-free 1/2 Hp Aluminum Tank Air Compressor,Bed Bath And Beyond,1.86
10340,Dremel Saw-max Tool Kit,,
10341,Gorilla Rack 4 Ft. Heavy-duty Workbench,Centurylink,36.53
10342,Numax 3-in-1 Flooring Nailer,Hormel Foods Corporation,869.77
10343,Diteq Gasket Core Drills Accessories,Mueller Industries,316.62
10344,"Powryte 3/8"" X 50 Hybrid Air Hose",Affinia Group,241.44
10345,"Skil 7-1/4"" 40-tooth Carbide Tipped Circular Saw Blade",,
10346,Black & Decker Lithium Saw,,
10347,Hitachi 18v Lithium Ion Driver Drill,Duke Energy Corporation,376.82
10348,"Black And Decker 1/2"" 7-amp Variable Speed Drill",,
10349,Custom Accessories 59008 250-psi Compressor,Allegheny Energy,368.45
10350,Campbell Hausfeld 1 Gallon Air Compressor,Computer Sciences Corporation,70.44
10351,Wagner Ht1000 Heat Tool Wagner Ht1000 Heat Tool,Briggs & Stratton Corporation,84.12
